product,container_contents,canonical_url,primary_query_target,secondary_identity_query,rank,search_volume,status
SLU-PP-332,5mg / vial,https://trybiomod.com/product/slu-pp-332,SLU-PP-332 5mg research vial,SLU-PP-332 (ERR agonist),Not measured,Not measured,Specification reconciliation required before organic promotion
SEMAX,10mg / vial,https://trybiomod.com/product/semax,SEMAX 10mg research vial,Semax (ACTH 4–10 analog),Not measured,Not measured,Technical indexing enabled; rankings unverified
MOTS-C 40mg,40mg,https://trybiomod.com/product/mots-c-40mg,MOTS-C 40mg research vial,MOTS-c,Not measured,Not measured,Technical indexing enabled; rankings unverified
Glutathione,1500mg / vial,https://trybiomod.com/product/glutathione-reduced-l-glutathione,Glutathione 1500mg research vial,Reduced L-Glutathione,Not measured,Not measured,Technical indexing enabled; rankings unverified
SELANK,10mg / vial,https://trybiomod.com/product/selank,SELANK 10mg research vial,Selank,Not measured,Not measured,Technical indexing enabled; rankings unverified
Lipo-C w/B12,10ml,https://trybiomod.com/product/lipo-c-w-b12,Lipo-C w/B12 10ml research vial,MIC Blend + Methylcobalamin,Not measured,Not measured,Specification reconciliation required before organic promotion
5-Amino-1MQ,50mg / vial,https://trybiomod.com/product/5-amino-1mq-50mg,5-Amino-1MQ 50mg research vial,5-Amino-1-Methylquinolinium,Not measured,Not measured,Specification reconciliation required before organic promotion
GLOW,70mg,https://trybiomod.com/product/glow-70mg,GLOW 70mg research vial,BPC-157 + GHK-Cu + TB-500,Not measured,Not measured,Specification reconciliation required before organic promotion
KLOW,80mg,https://trybiomod.com/product/klow-80mg,KLOW 80mg research vial,BPC-157 + GHK-Cu + TB-500 + KPV,Not measured,Not measured,Specification reconciliation required before organic promotion
Wolverine,10mg,https://trybiomod.com/product/wolverine-10mg,Wolverine 10mg research vial,BPC-157 + TB-500,Not measured,Not measured,Specification reconciliation required before organic promotion
Run & Gun,10mg,https://trybiomod.com/product/run-gun-10mg,Run & Gun 10mg research vial,Ipamorelin + CJC-1295 No DAC,Not measured,Not measured,Specification reconciliation required before organic promotion
DSIP,10mg,https://trybiomod.com/product/dsip-10mg,DSIP 10mg research vial,Delta Sleep-Inducing Peptide,Not measured,Not measured,Technical indexing enabled; rankings unverified
MOTS-c,10mg,https://trybiomod.com/product/mots-c-10mg,MOTS-c 10mg research vial,MOTS-c,Not measured,Not measured,Technical indexing enabled; rankings unverified
SS-31,10mg,https://trybiomod.com/product/ss-31-10mg,SS-31 10mg research vial,Elamipretide,Not measured,Not measured,Technical indexing enabled; rankings unverified
Epitalon,50mg,https://trybiomod.com/product/epitalon-50mg,Epitalon 50mg research vial,Epitalon Tetrapeptide,Not measured,Not measured,Technical indexing enabled; rankings unverified
AOD 9604,10mg,https://trybiomod.com/product/aod-9604-10mg,AOD 9604 10mg research vial,Fragment 176-191,Not measured,Not measured,Technical indexing enabled; rankings unverified
CJC-1295 No DAC,10mg,https://trybiomod.com/product/cjc-1295-no-dac-10mg,CJC-1295 No DAC 10mg research vial,Mod GRF 1-29,Not measured,Not measured,Specification reconciliation required before organic promotion
GHK-Cu,50mg,https://trybiomod.com/product/ghk-cu-50mg,GHK-Cu 50mg research vial,Copper Tripeptide-1,Not measured,Not measured,Specification reconciliation required before organic promotion
Tesamorelin,10mg,https://trybiomod.com/product/tesamorelin-10mg,Tesamorelin 10mg research vial,Tesamorelin,Not measured,Not measured,Technical indexing enabled; rankings unverified
TB500,10mg,https://trybiomod.com/product/tb500-10mg,TB500 10mg research vial,Thymosin Beta-4,Not measured,Not measured,Specification reconciliation required before organic promotion
BPC-157,10mg,https://trybiomod.com/product/bpc-157-10mg,BPC-157 10mg research vial,Body Protection Compound,Not measured,Not measured,Technical indexing enabled; rankings unverified
NAD+,500mg,https://trybiomod.com/product/nad-500mg,NAD+ 500mg research vial,Nicotinamide Adenine Dinucleotide,Not measured,Not measured,Technical indexing enabled; rankings unverified
Kisspeptin,10mg,https://trybiomod.com/product/kisspeptin-10mg,Kisspeptin 10mg research vial,Kisspeptin-10,Not measured,Not measured,Technical indexing enabled; rankings unverified
PT-141,10mg,https://trybiomod.com/product/pt-141-10mg,PT-141 10mg research vial,Bremelanotide,Not measured,Not measured,Technical indexing enabled; rankings unverified
KPV,10mg,https://trybiomod.com/product/kpv-10mg,KPV 10mg research vial,Lys-Pro-Val,Not measured,Not measured,Technical indexing enabled; rankings unverified
Thymosin Alpha-1,10mg,https://trybiomod.com/product/thymosin-alpha-1-10mg,Thymosin Alpha-1 10mg research vial,Thymosin Alpha-1,Not measured,Not measured,Technical indexing enabled; rankings unverified
